Event Organizers,ID
Creative Connections,407435178587
Creative Photography,15494561651
"Digital Creative Network west- Showcase talks, Drinks + Pizza",410437298007
Camden Spark: Collaboration & Creative Curriculum,432469336427
Pen to Print: Creative Writing Classes (In-person),393661751897
Creative Reflections,444511003377
"CREATIVE MANSION ""5 rooms""   London party for artists to connect",432458012557
Creative Relaxation,393038999227
CreAtIve Comm 22,427922155687
Creative Connections,439628309107
Haringey's Creative Network 3.0,434009473017
Writing the 7 Senses: Free creative writing workshop,393013512997
Access Creative College Open Day - London,418880010387
A Curious Journey Through the Golden Age by WAW Creative Arts,432030694437
Creative Writing Workshop at Morocco Bound,444296572007
Creative Rest Group - Art-based Workshops in Shoreditch,411175185047
"Creative Pedagogies: Art, ethnography, social sciences & clinical studies",428519903567
Media usage rights 101 for creatives,445100446417
'Make A Scene' networking event for creatives,416952174177
Creative Writing Workshop Four : Poetry Writing,423754790987
